conversation,category
seaworld ceo step amid tank revenu compani announc undisclos number layoff volley public critic treatment killer whale underscor documentari blackfish outsideonlin com noth like littl propaganda coupl good media campaign sway public percept pathet say statu quo upheld mayb mayb seaworld make least coupl chang regard well anim safeti trainer,news
strickland charger owner dean spano goldman sach agre build la stadium insidestl com utkevinace twitter com chasingsunset utkevinace truth spano goldman sach deal build stadium la right look fact definit look ace,nfl
iniesta play keepi uppi one leg man youtub com walk stick like leg almost advantag wast click let chop one leg find,soccer
chappi trailer hugh jackman sci fi comedi hd youtu anyon els feel trailer intent mislead toward tone movi yeah rememb movi describ comedi shall see turn buck say end horrif sad movi comedi,movies
church satan may get open citi council next meet prayer devil thinkprogress org love backfir hope statu first one long line variou religi deiti perfectli fine would show america land god peopl worship,politics
godzilla concept art imgur com origin script godzilla frozen ice look imdb film case imdb gt godzilla origin plan found preserv siberian glacier chang filmmak saw man steel similar scene realli unfortun would amaz see godzilla awaken glacier happen final war everyon see final war best liter almost everi godzilla monster fight includ zilla fast forward new york scene fast forward entir movi film truli aw someth final war hilari top excitingli top one best brain movi ever,movies
peopl ever oppos nsa practic edward snowden reveal spend life prison justic system would never allow snowden present real defens trial one reason give amnesti theguardian com honest question would happen candid presid includ grant snowden amnesti part propos platform die mysteri within week return countri ahh ye like flight would shot like mysteri disappear russian airport keep predict someon death eventu come true nobodi live forev make right though,politics
mike smith team canada mask imgur com fuckin clean stay clean,hockey
interstellar get unexpect twitter review neil degrass tyson hugecool com hatet part ann hathaway start blab love fuckign doctor basic say fuck scienc must follow heart damnit edit kinda knew becom prom queen comment know scientist also human right fuck think scienc stuff love someon stupid mcconaughey want save famili scienc dat scienc els suppos unlock next item tree,movies
doc river reaction get technic iggi style amazonaw com think seen player coach break fourth wall like break fourth wall look ref camera ye,nba
